<?xml version="1.0" encoding="UTF-8"?>
<!DOCTYPE manifest PUBLIC "-//MECA//DTD Manifest v1.0//en" "MECA_manifest.dtd">
<manifest manifest-version="1" xmlns="https://manuscriptexchange.org/schema/manifest" xmlns:xlink="http://www.w3.org/1999/xlink">
  <item item-type="article-metadata">
    <instance media-type="text/xml" xlink:href="index.xml"/>
  </item>
  <item item-type="manuscript">
    <instance media-type="application/vnd.openxmlformats-officedocument.wordprocessingml.document" xlink:href="index.docx"/>
  </item>
  <item item-type="article-source-environment">
    <instance media-type="application/json" xlink:href="source/.devcontainer/devcontainer.json"/>
  </item>
  <item item-type="article-source-environment">
    <instance media-type="application/json" xlink:href="source/.devcontainer/quarto-1.0/devcontainer.json"/>
  </item>
  <item item-type="article-source-environment">
    <instance media-type="application/json" xlink:href="source/.devcontainer/quarto-1.1/devcontainer.json"/>
  </item>
  <item item-type="article-source-environment">
    <instance media-type="application/json" xlink:href="source/.devcontainer/quarto-1.2/devcontainer.json"/>
  </item>
  <item item-type="article-source-environment">
    <instance media-type="application/json" xlink:href="source/.devcontainer/quarto-1.3/devcontainer.json"/>
  </item>
  <item item-type="article-source-environment">
    <instance media-type="application/json" xlink:href="source/.devcontainer/quarto-1.4/devcontainer.json"/>
  </item>
  <item item-type="article-source-environment">
    <instance media-type="application/json" xlink:href="source/.devcontainer/quarto-1.5/devcontainer.json"/>
  </item>
  <item item-type="article-source-environment">
    <instance media-type="application/json" xlink:href="source/.devcontainer/quarto-1.6/devcontainer.json"/>
  </item>
  <item item-type="article-source-environment">
    <instance media-type="application/json" xlink:href="source/.devcontainer/quarto-1.7/devcontainer.json"/>
  </item>
  <item item-type="article-source-environment">
    <instance media-type="application/json" xlink:href="source/.devcontainer/quarto-1.8/devcontainer.json"/>
  </item>
  <item item-type="article-source-environment">
    <instance media-type="application/json" xlink:href="source/.devcontainer/quarto-prerelease/devcontainer.json"/>
  </item>
  <item item-type="article-source-environment">
    <instance media-type="application/octet-stream" xlink:href="source/.devcontainer/universal/Dockerfile"/>
  </item>
  <item item-type="article-source-environment">
    <instance media-type="application/json" xlink:href="source/.devcontainer/universal/devcontainer.json"/>
  </item>
  <item item-type="article-source">
    <instance media-type="application/json" xlink:href="source/.devcontainer/universal/quarto-computing-dependencies/devcontainer-feature.json"/>
  </item>
  <item item-type="article-source">
    <instance media-type="application/octet-stream" xlink:href="source/.devcontainer/universal/quarto-computing-dependencies/install.sh"/>
  </item>
  <item item-type="article-source">
    <instance media-type="application/json" xlink:href="source/.devcontainer/universal/uv/devcontainer-feature.json"/>
  </item>
  <item item-type="article-source">
    <instance media-type="application/octet-stream" xlink:href="source/.devcontainer/universal/uv/install.sh"/>
  </item>
  <item item-type="article-source-environment">
    <instance media-type="application/octet-stream" xlink:href="source/.github/.devcontainer/Dockerfile"/>
  </item>
  <item item-type="article-source">
    <instance media-type="application/json" xlink:href="source/.github/.devcontainer/chrome/devcontainer-feature.json"/>
  </item>
  <item item-type="article-source">
    <instance media-type="application/octet-stream" xlink:href="source/.github/.devcontainer/chrome/install.sh"/>
  </item>
  <item item-type="article-source">
    <instance media-type="application/json" xlink:href="source/.github/.devcontainer/decktape/devcontainer-feature.json"/>
  </item>
  <item item-type="article-source">
    <instance media-type="application/octet-stream" xlink:href="source/.github/.devcontainer/decktape/install.sh"/>
  </item>
  <item item-type="article-source">
    <instance media-type="application/json" xlink:href="source/.github/.devcontainer/devcontainer.json"/>
  </item>
  <item item-type="article-source">
    <instance media-type="application/json" xlink:href="source/.github/.devcontainer/quarto-computing-dependencies/devcontainer-feature.json"/>
  </item>
  <item item-type="article-source">
    <instance media-type="application/octet-stream" xlink:href="source/.github/.devcontainer/quarto-computing-dependencies/install.sh"/>
  </item>
  <item item-type="article-source">
    <instance media-type="application/json" xlink:href="source/.github/.devcontainer/tinytex/devcontainer-feature.json"/>
  </item>
  <item item-type="article-source">
    <instance media-type="application/octet-stream" xlink:href="source/.github/.devcontainer/tinytex/install.sh"/>
  </item>
  <item item-type="article-source">
    <instance media-type="application/json" xlink:href="source/.github/.devcontainer/uv/devcontainer-feature.json"/>
  </item>
  <item item-type="article-source">
    <instance media-type="application/octet-stream" xlink:href="source/.github/.devcontainer/uv/install.sh"/>
  </item>
  <item item-type="article-source">
    <instance media-type="application/octet-stream" xlink:href="source/.github/FUNDING.yml"/>
  </item>
  <item item-type="article-source">
    <instance media-type="application/octet-stream" xlink:href="source/.github/dependabot.yml"/>
  </item>
  <item item-type="article-source">
    <instance media-type="application/octet-stream" xlink:href="source/.github/workflows/devcontainer.yml"/>
  </item>
  <item item-type="article-source">
    <instance media-type="application/octet-stream" xlink:href="source/.github/workflows/release.yml"/>
  </item>
  <item item-type="article-source">
    <instance media-type="application/octet-stream" xlink:href="source/CITATION.cff"/>
  </item>
  <item item-type="article-source">
    <instance media-type="application/octet-stream" xlink:href="source/LICENSE"/>
  </item>
  <item item-type="article-source">
    <instance media-type="text/markdown" xlink:href="source/README.md"/>
  </item>
  <item item-type="article-source">
    <instance media-type="application/octet-stream" xlink:href="source/init-env.sh"/>
  </item>
  <item item-type="article-source-directory">
    <instance media-type="application/x-directory" xlink:href="source"/>
  </item>
</manifest>