datasource,language,model,n,m,chisq,d,p,cfi,gfi,agfi,srmr,mcsc,rmsea,rmsea_l,rmsea_u,gdiff,PAQ1,PAQ2,PAQ3,PAQ4,PAQ5,PAQ6,PAQ7,PAQ8
SATP,arb,unconstrained,809,3,44.0382623121296,10,3.2399823746433144e-06,0.99,0.99,0.964,0.018,-0.825,0.065,0.046,0.085,20.45,0.0,38.0,47.0,137.0,168.0,201.0,244.0,308.0
SATP,arb,equal_ang,809,3,527.6101872488643,17,2.856340933713354e-101,0.857,0.863,0.71,0.179,-0.85,0.193,0.179,0.207,,,,,,,,,
SATP,arb,equal_com,809,3,119.24831143737642,17,2.1442034571181936e-17,0.971,0.969,0.934,0.044,-0.849,0.086,0.072,0.101,21.46,0.0,36.0,45.0,135.0,167.0,201.0,242.0,308.0
SATP,arb,circumplex,809,3,649.412916622105,24,1.051818090844791e-121,0.825,0.837,0.755,0.18,-0.834,0.18,0.168,0.192,,,,,,,,,
SATP,bra,unconstrained,1080,3,70.63124987755575,10,3.3483249582157164e-11,0.99,0.986,0.95,0.02,-0.913,0.075,0.059,0.092,24.59,0.0,87.0,125.0,143.0,169.0,261.0,282.0,330.0
SATP,bra,equal_ang,1080,3,816.6731890017032,17,1.273926026549341e-162,0.863,0.843,0.668,0.243,-0.883,0.209,0.197,0.221,,,,,,,,,
SATP,bra,equal_com,1080,3,466.3589977923173,17,2.2701203418207575e-88,0.923,0.905,0.799,0.101,-0.896,0.157,0.144,0.169,20.77,0.0,81.0,118.0,136.0,169.0,258.0,274.0,327.0
SATP,bra,circumplex,1080,3,1374.0973693350047,24,1.7031523135280008e-275,0.769,0.762,0.643,0.255,-0.875,0.228,0.218,0.239,,,,,,,,,
SATP,cmn,unconstrained,1832,3,172.2207957672691,10,9.619371398660792e-32,0.982,0.978,0.921,0.023,-0.989,0.094,0.082,0.107,31.38,0.0,18.0,35.0,156.0,172.0,195.0,218.0,319.0
SATP,cmn,equal_ang,1832,3,1542.1762105571763,17,0.0,0.827,0.828,0.636,0.288,-0.956,0.221,0.212,0.231,,,,,,,,,
SATP,cmn,equal_com,1832,3,366.933848618136,17,1.4751603118223093e-67,0.96,0.954,0.903,0.044,-0.988,0.106,0.097,0.116,30.69,0.0,18.0,38.0,154.0,171.0,196.0,217.0,318.0
SATP,cmn,circumplex,1832,3,1716.8702246611404,24,0.0,0.808,0.813,0.719,0.284,-0.959,0.196,0.188,0.204,,,,,,,,,
SATP,deu,unconstrained,810,3,23.374233512192372,10,0.009446400053292945,0.997,0.996,0.986,0.009,-1.0,0.041,0.019,0.062,14.69,0.0,61.0,98.0,137.0,181.0,251.0,284.0,338.0
SATP,deu,equal_ang,810,3,403.26293755993385,17,3.854214417561571e-75,0.926,0.893,0.773,0.133,-0.982,0.168,0.154,0.182,,,,,,,,,
SATP,deu,equal_com,810,3,316.718936400545,17,3.9484196301831555e-57,0.943,0.915,0.82,0.059,-0.998,0.148,0.134,0.162,15.2,0.0,64.0,97.0,132.0,182.0,254.0,282.0,336.0
SATP,deu,circumplex,810,3,766.612033890909,24,2.3055234953306745e-146,0.859,0.813,0.719,0.137,-0.97,0.196,0.184,0.208,,,,,,,,,
SATP,ell,unconstrained,810,3,71.48093359190554,10,2.2933900284795963e-11,0.981,0.981,0.932,0.026,-0.996,0.087,0.069,0.107,12.62,0.0,71.0,90.0,141.0,163.0,229.0,271.0,331.0
SATP,ell,equal_ang,810,3,445.3821779260377,17,5.779296813255042e-84,0.866,0.884,0.754,0.126,-0.947,0.176,0.163,0.191,,,,,,,,,
SATP,ell,equal_com,810,3,246.73267580859113,17,9.693092074760271e-43,0.928,0.934,0.86,0.079,-1.0,0.129,0.115,0.144,13.0,0.0,72.0,86.0,133.0,161.0,233.0,267.0,328.0
SATP,ell,circumplex,810,3,595.9818103211251,24,1.642664642075909e-110,0.82,0.849,0.773,0.143,-0.931,0.172,0.16,0.184,,,,,,,,,
SATP,eng,unconstrained,864,3,75.85518905503513,10,3.2422802362468237e-12,0.988,0.981,0.932,0.037,-0.936,0.087,0.07,0.106,9.07,0.0,45.0,94.0,138.0,175.0,229.0,274.0,339.0
SATP,eng,equal_ang,864,3,534.2521880469808,17,1.1326864465209438e-102,0.903,0.869,0.723,0.099,-0.919,0.188,0.174,0.202,,,,,,,,,
SATP,eng,equal_com,864,3,370.0555287850665,17,3.2992413090656532e-68,0.934,0.907,0.803,0.052,-0.898,0.155,0.142,0.169,9.49,0.0,46.0,94.0,138.0,177.0,231.0,275.0,340.0
SATP,eng,circumplex,864,3,830.6489409309376,24,6.912095009937672e-160,0.848,0.811,0.717,0.111,-0.92,0.197,0.186,0.209,,,,,,,,,
SATP,fra,unconstrained,891,3,41.45895936543626,10,9.356704440002089e-06,0.993,0.991,0.968,0.017,-0.954,0.059,0.041,0.079,12.66,0.0,64.0,106.0,137.0,173.0,241.0,280.0,331.0
SATP,fra,equal_ang,891,3,267.5529987151639,17,5.334768294621013e-47,0.94,0.934,0.86,0.124,-0.939,0.129,0.115,0.143,,,,,,,,,
SATP,fra,equal_com,891,3,357.31459967596896,17,1.4845597941382383e-65,0.919,0.913,0.816,0.098,-0.965,0.15,0.137,0.164,13.09,0.0,69.0,102.0,129.0,173.0,246.0,275.0,325.0
SATP,fra,circumplex,891,3,625.0648787997578,24,1.33994025005239e-116,0.857,0.855,0.782,0.138,-0.925,0.168,0.157,0.179,,,,,,,,,
SATP,hrv,unconstrained,864,3,58.92090756455205,10,5.796258425259826e-09,0.991,0.986,0.95,0.014,-0.914,0.075,0.057,0.094,22.14,0.0,86.0,93.0,161.0,172.0,239.0,269.0,351.0
SATP,hrv,equal_ang,864,3,1394.201057486586,17,2.7245798912185073e-286,0.743,0.715,0.396,0.201,-0.877,0.306,0.293,0.32,,,,,,,,,
SATP,hrv,equal_com,864,3,290.70021840957867,17,9.31129754286185e-52,0.949,0.926,0.843,0.065,-0.895,0.137,0.123,0.151,22.52,0.0,84.0,93.0,160.0,173.0,243.0,273.0,354.0
SATP,hrv,circumplex,864,3,1688.5650548885121,24,0.0,0.689,0.675,0.513,0.214,-0.873,0.283,0.272,0.295,,,,,,,,,
SATP,ind,unconstrained,891,3,39.961897210222155,10,1.720853457382482e-05,0.993,0.992,0.971,0.022,-0.959,0.058,0.04,0.077,19.56,0.0,54.0,103.0,121.0,138.0,200.0,282.0,306.0
SATP,ind,equal_ang,891,3,732.2660738578926,17,1.2008912228958693e-144,0.84,0.833,0.646,0.21,-0.928,0.217,0.204,0.231,,,,,,,,,
SATP,ind,equal_com,891,3,315.1875667033083,17,8.189782003669034e-57,0.933,0.923,0.837,0.078,-0.905,0.14,0.127,0.154,18.9,0.0,53.0,104.0,123.0,139.0,202.0,284.0,308.0
SATP,ind,circumplex,891,3,1177.140933358168,24,1.827682438051856e-233,0.742,0.756,0.634,0.258,-0.923,0.232,0.221,0.244,,,,,,,,,
SATP,ita,unconstrained,810,3,58.38158414461877,10,7.3259913547873734e-09,0.989,0.985,0.946,0.03,-0.958,0.077,0.059,0.097,12.63,0.0,51.0,87.0,132.0,163.0,252.0,267.0,329.0
SATP,ita,equal_ang,810,3,660.3665317701171,17,2.2732437497444048e-129,0.847,0.835,0.651,0.155,-0.903,0.216,0.202,0.231,,,,,,,,,
SATP,ita,equal_com,810,3,251.28029324525352,17,1.1427428267826222e-43,0.944,0.932,0.856,0.069,-0.952,0.131,0.117,0.145,21.08,0.0,57.0,104.0,142.0,170.0,274.0,285.0,336.0
SATP,ita,circumplex,810,3,933.1490676619638,24,1.3695215133847092e-181,0.784,0.781,0.671,0.168,-0.902,0.216,0.205,0.228,,,,,,,,,
SATP,jpn,unconstrained,915,3,32.81217863664719,10,0.000292902718970647,0.994,0.994,0.978,0.016,-0.948,0.05,0.032,0.069,19.97,0.0,42.0,98.0,147.0,159.0,266.0,288.0,338.0
SATP,jpn,equal_ang,915,3,840.9863014332955,17,8.335658413739856e-168,0.797,0.816,0.61,0.19,-0.91,0.23,0.217,0.244,,,,,,,,,
SATP,jpn,equal_com,915,3,403.39109511049236,17,3.6235688700467495e-75,0.905,0.904,0.797,0.08,-0.992,0.158,0.145,0.171,21.06,0.0,45.0,101.0,140.0,159.0,270.0,289.0,339.0
SATP,jpn,circumplex,915,3,1233.6433689694115,24,1.6449329548812819e-245,0.702,0.751,0.627,0.197,-0.918,0.235,0.224,0.246,,,,,,,,,
SATP,kor,unconstrained,809,3,46.23762558212793,10,1.2988308582741135e-06,0.992,0.989,0.96,0.012,-0.992,0.067,0.048,0.087,17.92,0.0,58.0,98.0,133.0,155.0,260.0,285.0,299.0
SATP,kor,equal_ang,809,3,657.8603722024476,17,7.73579396279006e-129,0.863,0.835,0.651,0.229,-1.0,0.216,0.202,0.23,,,,,,,,,
SATP,kor,equal_com,809,3,304.17259567857354,17,1.5489986789528848e-54,0.939,0.918,0.826,0.1,-0.996,0.145,0.131,0.159,16.47,0.0,52.0,86.0,123.0,151.0,246.0,272.0,289.0
SATP,kor,circumplex,809,3,822.2711511394559,24,4.078649096904285e-158,0.829,0.802,0.703,0.238,-1.0,0.203,0.191,0.215,,,,,,,,,
SATP,nld,unconstrained,864,3,31.43641270001241,10,0.0004968413766500962,0.997,0.994,0.978,0.014,-0.945,0.05,0.031,0.07,22.63,0.0,41.0,114.0,129.0,174.0,257.0,311.0,342.0
SATP,nld,equal_ang,864,3,1069.7315320284172,17,1.0752573002039573e-216,0.833,0.766,0.504,0.247,-0.901,0.268,0.254,0.282,,,,,,,,,
SATP,nld,equal_com,864,3,225.410103082313,17,2.112602201650842e-38,0.967,0.943,0.879,0.056,-0.917,0.119,0.106,0.133,21.36,0.0,43.0,111.0,125.0,174.0,257.0,307.0,341.0
SATP,nld,circumplex,864,3,1505.2675581912385,24,1.5238893554494195e-303,0.766,0.7,0.55,0.254,-0.88,0.267,0.256,0.279,,,,,,,,,
SATP,pol,unconstrained,918,3,47.82576343625154,10,6.678252796626645e-07,0.994,0.99,0.964,0.012,-0.996,0.064,0.047,0.083,18.4,0.0,66.0,90.0,132.0,175.0,265.0,273.0,340.0
SATP,pol,equal_ang,918,3,986.3857444003645,17,7.347342074907832e-199,0.838,0.791,0.557,0.187,-0.989,0.249,0.236,0.263,,,,,,,,,
SATP,pol,equal_com,918,3,357.30231558684534,17,1.4933232120788476e-65,0.943,0.915,0.82,0.053,-0.994,0.148,0.135,0.161,19.09,0.0,69.0,91.0,128.0,176.0,266.0,274.0,339.0
SATP,pol,circumplex,918,3,1433.46096420465,24,3.486365814996976e-288,0.764,0.723,0.585,0.191,-0.973,0.253,0.242,0.264,,,,,,,,,
SATP,spa,unconstrained,1647,3,117.43888260096062,10,1.6728961601828084e-20,0.987,0.984,0.942,0.035,-0.984,0.081,0.068,0.094,10.13,0.0,37.0,102.0,147.0,172.0,235.0,277.0,331.0
SATP,spa,equal_ang,1647,3,489.91853953060576,17,2.5118768804031e-93,0.942,0.933,0.858,0.109,-0.983,0.13,0.12,0.14,,,,,,,,,
SATP,spa,equal_com,1647,3,671.283195056493,17,1.0948761510756927e-131,0.92,0.91,0.809,0.063,-0.974,0.153,0.143,0.163,10.63,0.0,41.0,103.0,147.0,174.0,238.0,279.0,332.0
SATP,spa,circumplex,1647,3,1049.9852694728133,24,2.1296272574039072e-206,0.875,0.865,0.797,0.132,-0.991,0.161,0.153,0.17,,,,,,,,,
SATP,swe,unconstrained,945,3,63.543317866845314,10,7.692142958969306e-10,0.99,0.986,0.95,0.016,-0.94,0.075,0.058,0.094,14.86,0.0,67.0,90.0,149.0,174.0,248.0,279.0,336.0
SATP,swe,equal_ang,945,3,683.6416625872382,17,2.6001605352619436e-134,0.878,0.85,0.682,0.134,-0.919,0.204,0.191,0.217,,,,,,,,,
SATP,swe,equal_com,945,3,326.09444724669504,17,4.518198358655062e-59,0.944,0.924,0.839,0.053,-0.946,0.139,0.126,0.152,14.13,0.0,66.0,87.0,146.0,175.0,249.0,275.0,335.0
SATP,swe,circumplex,945,3,893.0013353906841,24,4.4148870054232745e-173,0.841,0.813,0.719,0.142,-0.928,0.196,0.185,0.207,,,,,,,,,
SATP,tha,unconstrained,675,3,41.853429702149526,10,7.962595460159543e-06,0.993,0.988,0.957,0.03,-0.99,0.069,0.048,0.091,18.33,0.0,28.0,69.0,145.0,172.0,200.0,249.0,342.0
SATP,tha,equal_ang,675,3,609.9487018401793,17,1.1139874525305797e-118,0.878,0.82,0.619,0.25,-0.989,0.227,0.212,0.243,,,,,,,,,
SATP,tha,equal_com,675,3,288.2540039528763,17,2.97078626964885e-51,0.944,0.908,0.805,0.089,-0.991,0.154,0.139,0.17,18.08,0.0,27.0,76.0,150.0,173.0,197.0,256.0,344.0
SATP,tha,circumplex,675,3,1007.4110098620145,24,2.3759447693836975e-197,0.798,0.732,0.598,0.237,-1.0,0.247,0.234,0.26,,,,,,,,,
SATP,tur,unconstrained,918,3,107.18817296944395,10,1.966302291206505e-18,0.979,0.974,0.906,0.03,-0.905,0.103,0.086,0.121,18.08,0.0,52.0,101.0,111.0,158.0,255.0,292.0,316.0
SATP,tur,equal_ang,918,3,744.5704065388344,17,2.8958694825511885e-147,0.844,0.835,0.651,0.228,-0.867,0.216,0.203,0.229,,,,,,,,,
SATP,tur,equal_com,918,3,358.88688192933836,17,6.988753815310895e-66,0.927,0.915,0.82,0.079,-0.915,0.148,0.135,0.162,18.46,0.0,55.0,97.0,106.0,157.0,254.0,289.0,313.0
SATP,tur,circumplex,918,3,1057.3930759561122,24,5.665520562579668e-208,0.778,0.78,0.67,0.23,-0.834,0.217,0.206,0.228,,,,,,,,,
SATP,yue,unconstrained,1458,3,90.08836530093225,10,5.144125804590122e-15,0.991,0.986,0.95,0.031,-0.842,0.074,0.061,0.089,20.42,0.0,42.0,46.0,158.0,169.0,245.0,284.0,327.0
SATP,yue,equal_ang,1458,3,2682.5122830308615,17,0.0,0.699,0.686,0.335,0.241,-0.809,0.328,0.318,0.339,,,,,,,,,
SATP,yue,equal_com,1458,3,250.9263045035266,17,1.3497787918577717e-43,0.974,0.962,0.92,0.043,-0.833,0.097,0.087,0.108,21.01,0.0,39.0,43.0,159.0,168.0,240.0,282.0,329.0
SATP,yue,circumplex,1458,3,3184.365985243621,24,0.0,0.643,0.648,0.472,0.263,-0.743,0.301,0.292,0.309,,,,,,,,,
