{
  "id": "quarto-computing-dependencies",
  "version": "1.0.0",
  "name": "Install Computing Dependencies for Quarto",
  "description": "Install R, Python, and Julia dependencies for Quarto.",
  "options": {
    "rDeps": {
      "type": "string",
      "default": "rmarkdown",
      "description": "Specify what R dependencies to install."
    },
    "pythonDeps": {
      "type": "string",
      "default": "jupyter,papermill",
      "description": "Specify what Python dependencies to install."
    },
    "juliaDeps": {
      "type": "string",
      "default": "IJulia",
      "description": "Specify what Julia dependencies to install."
    }
  },
  "dependsOn": {
    "ghcr.io/rocker-org/devcontainer-features/r-rig:1": {
      "version": "release",
      "vscodeRSupport": "none",
      "installDevTools": "false",
      "installREnv": "true",
      "installRMarkdown": "false"
    },
    "ghcr.io/devcontainers/features/python:1": {
      "version": "latest",
      "enableShared": "true"
    },
    "ghcr.io/julialang/devcontainer-features/julia:1": {
      "channel": "release"
    }
  },
  "installsAfter": [
    "ghcr.io/rocker-org/devcontainer-features/r-rig",
    "ghcr.io/devcontainers/features/python",
    "ghcr.io/julialang/devcontainer-features/julia"
  ]
}
